-- 箱子資訊
INSERT INTO `mysqldb`.`box_info` (`carton`, `qty`, `len`, `width`, `height`, `unit`) VALUES ('RS#7', '8', '28', '13', '17', 'cm');
INSERT INTO `mysqldb`.`box_info` (`carton`, `qty`, `len`, `width`, `height`, `unit`) VALUES ('RS#40', '40', '30', '30', '30', 'cm');
INSERT INTO `mysqldb`.`box_info` (`carton`, `qty`, `len`, `width`, `height`, `unit`) VALUES ('RS#30', '30', '31', '22', '25', 'cm');
INSERT INTO `mysqldb`.`box_info` (`carton`, `qty`, `len`, `width`, `height`, `unit`) VALUES ('RS#20', '20', '30', '18', '23', 'cm');
INSERT INTO `mysqldb`.`box_info` (`carton`, `qty`, `len`, `width`, `height`, `unit`) VALUES ('RS#10', '11', '25', '20', '15', 'cm');
INSERT INTO `mysqldb`.`box_info` (`carton`, `qty`, `len`, `width`, `height`, `unit`) VALUES ('NewRS#60', '60', '45', '34', '25', 'cm');
INSERT INTO `mysqldb`.`box_info` (`carton`, `qty`, `len`, `width`, `height`, `unit`) VALUES ('NewRS#200', '200', '64', '42', '39', 'cm');
INSERT INTO `mysqldb`.`box_info` (`carton`, `qty`, `len`, `width`, `height`, `unit`) VALUES ('NewRS#100', '108', '59', '43', '25', 'cm');
INSERT INTO `mysqldb`.`box_info` (`carton`, `qty`, `len`, `width`, `height`, `unit`) VALUES ('FX-3', '24', '36', '29', '17', 'cm');
INSERT INTO `mysqldb`.`box_info` (`carton`, `qty`, `len`, `width`, `height`, `unit`) VALUES ('FX-2', '78', '46', '28', '36', 'cm');
INSERT INTO `mysqldb`.`box_info` (`carton`, `qty`, `len`, `width`, `height`, `unit`) VALUES ('#150', '155', '52', '40', '35', 'cm');
-- 排程資料
INSERT INTO `mysqldb`.`batch_schedule` (`task_id`, `name`, `description`, `cron_expression`, `status`, `class_name`, `system`) VALUES ('myJob', 'myJob', '測試用', '0/30 * * * * ?', '1', 'com.evolutivelabs.app.counter.batch.job.impl.MyJob', 'test');
INSERT INTO `mysqldb`.`batch_schedule` (`task_id`, `name`, `description`, `cron_expression`, `status`, `class_name`, `system`) VALUES ('PackingJob', 'PackingJob', '訂單裝箱', '0 0/10 * * * ?', '0', 'com.evolutivelabs.app.counter.batch.job.impl.PackingJob', 'test');
-- 客戶擁有的箱子
INSERT INTO `mysqldb`.`box_of_business` (`business_id`, `box_carton`) VALUES ('AMAZON', '#150');
INSERT INTO `mysqldb`.`box_of_business` (`business_id`, `box_carton`) VALUES ('AMAZON', 'FX-2');
INSERT INTO `mysqldb`.`box_of_business` (`business_id`, `box_carton`) VALUES ('AMAZON', 'FX-3');
INSERT INTO `mysqldb`.`box_of_business` (`business_id`, `box_carton`) VALUES ('AMAZON', 'NewRS#100');
INSERT INTO `mysqldb`.`box_of_business` (`business_id`, `box_carton`) VALUES ('AMAZON', 'NewRS#60');
INSERT INTO `mysqldb`.`box_of_business` (`business_id`, `box_carton`) VALUES ('AMAZON', 'RS#20');
INSERT INTO `mysqldb`.`box_of_business` (`business_id`, `box_carton`) VALUES ('AMAZON', 'RS#30');
INSERT INTO `mysqldb`.`box_of_business` (`business_id`, `box_carton`) VALUES ('AMAZON', 'RS#40');
INSERT INTO `mysqldb`.`box_of_business` (`business_id`, `box_carton`) VALUES ('B2BIO', '#150');
INSERT INTO `mysqldb`.`box_of_business` (`business_id`, `box_carton`) VALUES ('B2BIO', 'FX-2');
INSERT INTO `mysqldb`.`box_of_business` (`business_id`, `box_carton`) VALUES ('B2BIO', 'FX-3');
INSERT INTO `mysqldb`.`box_of_business` (`business_id`, `box_carton`) VALUES ('B2BIO', 'NewRS#100');
INSERT INTO `mysqldb`.`box_of_business` (`business_id`, `box_carton`) VALUES ('B2BIO', 'NewRS#200');
INSERT INTO `mysqldb`.`box_of_business` (`business_id`, `box_carton`) VALUES ('B2BIO', 'NewRS#60');
INSERT INTO `mysqldb`.`box_of_business` (`business_id`, `box_carton`) VALUES ('B2BIO', 'RS#10');
INSERT INTO `mysqldb`.`box_of_business` (`business_id`, `box_carton`) VALUES ('B2BIO', 'RS#20');
INSERT INTO `mysqldb`.`box_of_business` (`business_id`, `box_carton`) VALUES ('B2BIO', 'RS#30');
INSERT INTO `mysqldb`.`box_of_business` (`business_id`, `box_carton`) VALUES ('B2BIO', 'RS#40');
INSERT INTO `mysqldb`.`box_of_business` (`business_id`, `box_carton`) VALUES ('B2BIO', 'RS#7');
INSERT INTO `mysqldb`.`box_of_business` (`business_id`, `box_carton`) VALUES ('B2BTW', '#150');
INSERT INTO `mysqldb`.`box_of_business` (`business_id`, `box_carton`) VALUES ('B2BTW', 'FX-2');
INSERT INTO `mysqldb`.`box_of_business` (`business_id`, `box_carton`) VALUES ('B2BTW', 'FX-3');
INSERT INTO `mysqldb`.`box_of_business` (`business_id`, `box_carton`) VALUES ('B2BTW', 'NewRS#100');
INSERT INTO `mysqldb`.`box_of_business` (`business_id`, `box_carton`) VALUES ('B2BTW', 'NewRS#200');
INSERT INTO `mysqldb`.`box_of_business` (`business_id`, `box_carton`) VALUES ('B2BTW', 'NewRS#60');
INSERT INTO `mysqldb`.`box_of_business` (`business_id`, `box_carton`) VALUES ('B2BTW', 'RS#10');
INSERT INTO `mysqldb`.`box_of_business` (`business_id`, `box_carton`) VALUES ('B2BTW', 'RS#20');
INSERT INTO `mysqldb`.`box_of_business` (`business_id`, `box_carton`) VALUES ('B2BTW', 'RS#30');
INSERT INTO `mysqldb`.`box_of_business` (`business_id`, `box_carton`) VALUES ('B2BTW', 'RS#40');
INSERT INTO `mysqldb`.`box_of_business` (`business_id`, `box_carton`) VALUES ('B2BTW', 'RS#7');
INSERT INTO `mysqldb`.`box_of_business` (`business_id`, `box_carton`) VALUES ('CRICEL', '#150');
INSERT INTO `mysqldb`.`box_of_business` (`business_id`, `box_carton`) VALUES ('CRICEL', 'FX-2');
INSERT INTO `mysqldb`.`box_of_business` (`business_id`, `box_carton`) VALUES ('CRICEL', 'FX-3');
INSERT INTO `mysqldb`.`box_of_business` (`business_id`, `box_carton`) VALUES ('CRICEL', 'NewRS#100');
INSERT INTO `mysqldb`.`box_of_business` (`business_id`, `box_carton`) VALUES ('CRICEL', 'NewRS#200');
INSERT INTO `mysqldb`.`box_of_business` (`business_id`, `box_carton`) VALUES ('CRICEL', 'NewRS#60');
INSERT INTO `mysqldb`.`box_of_business` (`business_id`, `box_carton`) VALUES ('CRICEL', 'RS#20');
INSERT INTO `mysqldb`.`box_of_business` (`business_id`, `box_carton`) VALUES ('CRICEL', 'RS#30');
INSERT INTO `mysqldb`.`box_of_business` (`business_id`, `box_carton`) VALUES ('CRICEL', 'RS#40');
-- 產品資料
INSERT INTO `mysqldb`.`item_info` (`sku_prefix`, `sku_postfix`, `category`, `volume`, `weight`, `sequence`) VALUES ('3PB', '', 'MOD', '0.9000', '0.11400', '3');
INSERT INTO `mysqldb`.`item_info` (`sku_prefix`, `sku_postfix`, `category`, `volume`, `weight`, `sequence`) VALUES ('3PB', 'L', 'MOD backplate', '0.3500', '0.04800', '5');
INSERT INTO `mysqldb`.`item_info` (`sku_prefix`, `sku_postfix`, `category`, `volume`, `weight`, `sequence`) VALUES ('3PB', 'L-', 'MOD backplate', '0.3500', '0.04800', '5');
INSERT INTO `mysqldb`.`item_info` (`sku_prefix`, `sku_postfix`, `category`, `volume`, `weight`, `sequence`) VALUES ('3PB', 'T', 'MOD', '0.9000', '0.11400', '3');
INSERT INTO `mysqldb`.`item_info` (`sku_prefix`, `sku_postfix`, `category`, `volume`, `weight`, `sequence`) VALUES ('AA', '', 'CrashGuard', '0.9000', '0.08500', '3');
INSERT INTO `mysqldb`.`item_info` (`sku_prefix`, `sku_postfix`, `category`, `volume`, `weight`, `sequence`) VALUES ('ABA', '', 'AirPods', '1.0000', '0.08000', '4');
INSERT INTO `mysqldb`.`item_info` (`sku_prefix`, `sku_postfix`, `category`, `volume`, `weight`, `sequence`) VALUES ('ACA', '', 'AirPods', '0.2500', '0.02000', '7');
INSERT INTO `mysqldb`.`item_info` (`sku_prefix`, `sku_postfix`, `category`, `volume`, `weight`, `sequence`) VALUES ('AWC', '', 'CG NX for AW case', '0.7140', '0.04000', '4');
INSERT INTO `mysqldb`.`item_info` (`sku_prefix`, `sku_postfix`, `category`, `volume`, `weight`, `sequence`) VALUES ('AWR', '', 'CG NX for AW Rim', '0.1500', '0.01100', '1');
INSERT INTO `mysqldb`.`item_info` (`sku_prefix`, `sku_postfix`, `category`, `volume`, `weight`, `sequence`) VALUES ('BC0', 'L-', 'MOD NX backplate', '0.3500', '0.04800', '5');
INSERT INTO `mysqldb`.`item_info` (`sku_prefix`, `sku_postfix`, `category`, `volume`, `weight`, `sequence`) VALUES ('BCN', 'L-', 'MOD NX backplate', '0.3500', '0.04800', '5');
INSERT INTO `mysqldb`.`item_info` (`sku_prefix`, `sku_postfix`, `category`, `volume`, `weight`, `sequence`) VALUES ('BCN', 'T', 'MOD NX', '0.9000', '0.11400', '3');
INSERT INTO `mysqldb`.`item_info` (`sku_prefix`, `sku_postfix`, `category`, `volume`, `weight`, `sequence`) VALUES ('BCS', '', 'SolidSuit', '0.9000', '0.10200', '3');
INSERT INTO `mysqldb`.`item_info` (`sku_prefix`, `sku_postfix`, `category`, `volume`, `weight`, `sequence`) VALUES ('CGB', '', 'CrashGuard', '0.9000', '0.08500', '3');
INSERT INTO `mysqldb`.`item_info` (`sku_prefix`, `sku_postfix`, `category`, `volume`, `weight`, `sequence`) VALUES ('CGC', '', 'CrashGuard', '0.9000', '0.08500', '3');
INSERT INTO `mysqldb`.`item_info` (`sku_prefix`, `sku_postfix`, `category`, `volume`, `weight`, `sequence`) VALUES ('CGN', '', 'CG NX', '0.9000', '0.08500', '3');
INSERT INTO `mysqldb`.`item_info` (`sku_prefix`, `sku_postfix`, `category`, `volume`, `weight`, `sequence`) VALUES ('CGS', '', 'CG NX', '0.9000', '0.08500', '3');
INSERT INTO `mysqldb`.`item_info` (`sku_prefix`, `sku_postfix`, `category`, `volume`, `weight`, `sequence`) VALUES ('EC', 'E', '飾條', '0.2000', '0.04500', '5');
INSERT INTO `mysqldb`.`item_info` (`sku_prefix`, `sku_postfix`, `category`, `volume`, `weight`, `sequence`) VALUES ('EC', 'L-', 'backplate', '0.3500', '0.04800', '5');
INSERT INTO `mysqldb`.`item_info` (`sku_prefix`, `sku_postfix`, `category`, `volume`, `weight`, `sequence`) VALUES ('FSP', '', '玻璃保護貼', '0.8000', '0.08500', '2');
INSERT INTO `mysqldb`.`item_info` (`sku_prefix`, `sku_postfix`, `category`, `volume`, `weight`, `sequence`) VALUES ('GLP', '', '鏡頭保護貼', '0.4300', '0.03300', '6');
INSERT INTO `mysqldb`.`item_info` (`sku_prefix`, `sku_postfix`, `category`, `volume`, `weight`, `sequence`) VALUES ('GSP', '', '玻璃保護貼', '0.9000', '0.08500', '2');
INSERT INTO `mysqldb`.`item_info` (`sku_prefix`, `sku_postfix`, `category`, `volume`, `weight`, `sequence`) VALUES ('HKS', '-', 'SolidSuit', '0.9000', '0.10200', '3');
INSERT INTO `mysqldb`.`item_info` (`sku_prefix`, `sku_postfix`, `category`, `volume`, `weight`, `sequence`) VALUES ('ISP', '', '耐衝擊', '0.2000', '0.03300', '7');
INSERT INTO `mysqldb`.`item_info` (`sku_prefix`, `sku_postfix`, `category`, `volume`, `weight`, `sequence`) VALUES ('JSP', '', '玻璃保護貼', '0.8000', '0.08500', '2');
INSERT INTO `mysqldb`.`item_info` (`sku_prefix`, `sku_postfix`, `category`, `volume`, `weight`, `sequence`) VALUES ('KBC', '', 'KROMA frame', '0.9000', '0.11400', '3');
INSERT INTO `mysqldb`.`item_info` (`sku_prefix`, `sku_postfix`, `category`, `volume`, `weight`, `sequence`) VALUES ('KBX', '', 'Kroma Mod NX', '0.9000', '0.11400', '3');
INSERT INTO `mysqldb`.`item_info` (`sku_prefix`, `sku_postfix`, `category`, `volume`, `weight`, `sequence`) VALUES ('KC', 'L', 'KROMA backplate', '0.3500', '0.04800', '5');
INSERT INTO `mysqldb`.`item_info` (`sku_prefix`, `sku_postfix`, `category`, `volume`, `weight`, `sequence`) VALUES ('KC', 'L-', 'KROMA backplate', '0.3500', '0.04800', '5');
INSERT INTO `mysqldb`.`item_info` (`sku_prefix`, `sku_postfix`, `category`, `volume`, `weight`, `sequence`) VALUES ('KI', 'L-', 'MOD NX backplate', '0.3500', '0.04800', '5');
INSERT INTO `mysqldb`.`item_info` (`sku_prefix`, `sku_postfix`, `category`, `volume`, `weight`, `sequence`) VALUES ('KPB', 'L-', 'MOD NX backplate', '0.3500', '0.04800', '5');
INSERT INTO `mysqldb`.`item_info` (`sku_prefix`, `sku_postfix`, `category`, `volume`, `weight`, `sequence`) VALUES ('KPB', 'T', 'MOD NX', '0.9000', '0.11400', '3');
INSERT INTO `mysqldb`.`item_info` (`sku_prefix`, `sku_postfix`, `category`, `volume`, `weight`, `sequence`) VALUES ('KSS', '-', 'Kroma SolidSuit', '0.9000', '0.10200', '3');
INSERT INTO `mysqldb`.`item_info` (`sku_prefix`, `sku_postfix`, `category`, `volume`, `weight`, `sequence`) VALUES ('KX', '-', 'Kroma MOD NX backplate', '0.3500', '0.04800', '5');
INSERT INTO `mysqldb`.`item_info` (`sku_prefix`, `sku_postfix`, `category`, `volume`, `weight`, `sequence`) VALUES ('KX', 'L-', 'Kroma MOD NX backplate', '0.3500', '0.04800', '5');
INSERT INTO `mysqldb`.`item_info` (`sku_prefix`, `sku_postfix`, `category`, `volume`, `weight`, `sequence`) VALUES ('LP', '', '鏡頭保護貼(耐衝擊)', '0.2000', '0.02400', '7');
INSERT INTO `mysqldb`.`item_info` (`sku_prefix`, `sku_postfix`, `category`, `volume`, `weight`, `sequence`) VALUES ('LSP', '', '鏡頭貼', '0.1500', '0.01500', '7');
INSERT INTO `mysqldb`.`item_info` (`sku_prefix`, `sku_postfix`, `category`, `volume`, `weight`, `sequence`) VALUES ('MA010', '', '鏡頭環', '0.2000', '0.02000', '8');
INSERT INTO `mysqldb`.`item_info` (`sku_prefix`, `sku_postfix`, `category`, `volume`, `weight`, `sequence`) VALUES ('MA0191', '', '線材', '1.0000', '0.04800', '8');
INSERT INTO `mysqldb`.`item_info` (`sku_prefix`, `sku_postfix`, `category`, `volume`, `weight`, `sequence`) VALUES ('MA0198', '', '線材', '0.5000', '0.05000', '8');
INSERT INTO `mysqldb`.`item_info` (`sku_prefix`, `sku_postfix`, `category`, `volume`, `weight`, `sequence`) VALUES ('MA0199', '', '線材', '0.5000', '0.03500', '8');
INSERT INTO `mysqldb`.`item_info` (`sku_prefix`, `sku_postfix`, `category`, `volume`, `weight`, `sequence`) VALUES ('MA01A6', '', '線材', '0.5000', '0.03400', '8');
INSERT INTO `mysqldb`.`item_info` (`sku_prefix`, `sku_postfix`, `category`, `volume`, `weight`, `sequence`) VALUES ('MA01A7', '', '線材', '1.0000', '0.12000', '8');
INSERT INTO `mysqldb`.`item_info` (`sku_prefix`, `sku_postfix`, `category`, `volume`, `weight`, `sequence`) VALUES ('MA01E4', '', '線材', '1.0000', '0.04200', '8');
INSERT INTO `mysqldb`.`item_info` (`sku_prefix`, `sku_postfix`, `category`, `volume`, `weight`, `sequence`) VALUES ('MA01E5', '', '線材', '1.0000', '0.07200', '8');
INSERT INTO `mysqldb`.`item_info` (`sku_prefix`, `sku_postfix`, `category`, `volume`, `weight`, `sequence`) VALUES ('MA020', '', '鏡頭環', '0.2000', '0.02000', '8');
INSERT INTO `mysqldb`.`item_info` (`sku_prefix`, `sku_postfix`, `category`, `volume`, `weight`, `sequence`) VALUES ('MA030', '', '鏡頭環', '0.2000', '0.02000', '8');
INSERT INTO `mysqldb`.`item_info` (`sku_prefix`, `sku_postfix`, `category`, `volume`, `weight`, `sequence`) VALUES ('MA031', '', '鏡頭環', '0.2000', '0.02000', '8');
INSERT INTO `mysqldb`.`item_info` (`sku_prefix`, `sku_postfix`, `category`, `volume`, `weight`, `sequence`) VALUES ('MA090', '', '鏡頭環', '0.2000', '0.02000', '8');
INSERT INTO `mysqldb`.`item_info` (`sku_prefix`, `sku_postfix`, `category`, `volume`, `weight`, `sequence`) VALUES ('MA100', '', '鏡頭環', '0.2000', '0.02000', '8');
INSERT INTO `mysqldb`.`item_info` (`sku_prefix`, `sku_postfix`, `category`, `volume`, `weight`, `sequence`) VALUES ('MA88', '', '線材', '1.0000', '0.09600', '8');
INSERT INTO `mysqldb`.`item_info` (`sku_prefix`, `sku_postfix`, `category`, `volume`, `weight`, `sequence`) VALUES ('MA89', '', '車充', '1.0000', '0.08400', '8');
INSERT INTO `mysqldb`.`item_info` (`sku_prefix`, `sku_postfix`, `category`, `volume`, `weight`, `sequence`) VALUES ('MA90', '', 'HUB', '1.0000', '0.11000', '8');
INSERT INTO `mysqldb`.`item_info` (`sku_prefix`, `sku_postfix`, `category`, `volume`, `weight`, `sequence`) VALUES ('MA92', '', '鏡頭', '0.8000', '0.10000', '8');
INSERT INTO `mysqldb`.`item_info` (`sku_prefix`, `sku_postfix`, `category`, `volume`, `weight`, `sequence`) VALUES ('MA93', '', '鏡頭', '0.8000', '0.10000', '8');
INSERT INTO `mysqldb`.`item_info` (`sku_prefix`, `sku_postfix`, `category`, `volume`, `weight`, `sequence`) VALUES ('MA94', '', '鏡頭', '0.8000', '0.10000', '8');
INSERT INTO `mysqldb`.`item_info` (`sku_prefix`, `sku_postfix`, `category`, `volume`, `weight`, `sequence`) VALUES ('MA95', '', '鏡頭', '0.8000', '0.10000', '8');
INSERT INTO `mysqldb`.`item_info` (`sku_prefix`, `sku_postfix`, `category`, `volume`, `weight`, `sequence`) VALUES ('MAA0', '', '鏡頭', '0.8000', '0.10000', '8');
INSERT INTO `mysqldb`.`item_info` (`sku_prefix`, `sku_postfix`, `category`, `volume`, `weight`, `sequence`) VALUES ('MAA1', '', '鏡頭', '0.5000', '0.05000', '8');
INSERT INTO `mysqldb`.`item_info` (`sku_prefix`, `sku_postfix`, `category`, `volume`, `weight`, `sequence`) VALUES ('MAA4', '', 'HUB', '1.0000', '0.11000', '8');
INSERT INTO `mysqldb`.`item_info` (`sku_prefix`, `sku_postfix`, `category`, `volume`, `weight`, `sequence`) VALUES ('MAC4', '', '鏡頭收納盒', '0.9000', '0.10000', '8');
INSERT INTO `mysqldb`.`item_info` (`sku_prefix`, `sku_postfix`, `category`, `volume`, `weight`, `sequence`) VALUES ('MM0', 'L-', 'MOD NX backplate', '0.3500', '0.04800', '5');
INSERT INTO `mysqldb`.`item_info` (`sku_prefix`, `sku_postfix`, `category`, `volume`, `weight`, `sequence`) VALUES ('MMN', 'L-', 'MOD NX backplate', '0.3500', '0.04800', '5');
INSERT INTO `mysqldb`.`item_info` (`sku_prefix`, `sku_postfix`, `category`, `volume`, `weight`, `sequence`) VALUES ('MMN', 'T', 'MOD NX', '0.9000', '0.11400', '3');
INSERT INTO `mysqldb`.`item_info` (`sku_prefix`, `sku_postfix`, `category`, `volume`, `weight`, `sequence`) VALUES ('MMS', '-', 'SolidSuit', '0.9000', '0.10200', '3');
INSERT INTO `mysqldb`.`item_info` (`sku_prefix`, `sku_postfix`, `category`, `volume`, `weight`, `sequence`) VALUES ('NPB', '', 'MOD NX', '0.9000', '0.11400', '3');
INSERT INTO `mysqldb`.`item_info` (`sku_prefix`, `sku_postfix`, `category`, `volume`, `weight`, `sequence`) VALUES ('NPB', 'L', 'MOD NX backplate', '0.3500', '0.04800', '5');
INSERT INTO `mysqldb`.`item_info` (`sku_prefix`, `sku_postfix`, `category`, `volume`, `weight`, `sequence`) VALUES ('NPB', 'L-', 'MOD NX backplate', '0.3500', '0.04800', '5');
INSERT INTO `mysqldb`.`item_info` (`sku_prefix`, `sku_postfix`, `category`, `volume`, `weight`, `sequence`) VALUES ('NPB', 'T', 'MOD NX', '0.9000', '0.11400', '3');
INSERT INTO `mysqldb`.`item_info` (`sku_prefix`, `sku_postfix`, `category`, `volume`, `weight`, `sequence`) VALUES ('NSP', '', '耐衝擊', '0.2000', '0.03300', '7');
INSERT INTO `mysqldb`.`item_info` (`sku_prefix`, `sku_postfix`, `category`, `volume`, `weight`, `sequence`) VALUES ('NX', 'E', '飾條', '0.2430', '0.04500', '5');
INSERT INTO `mysqldb`.`item_info` (`sku_prefix`, `sku_postfix`, `category`, `volume`, `weight`, `sequence`) VALUES ('NX', 'K', '按鈕', '0.1500', '0.00850', '1');
INSERT INTO `mysqldb`.`item_info` (`sku_prefix`, `sku_postfix`, `category`, `volume`, `weight`, `sequence`) VALUES ('NX', 'L', 'MOD NX backplate', '0.3500', '0.04800', '5');
INSERT INTO `mysqldb`.`item_info` (`sku_prefix`, `sku_postfix`, `category`, `volume`, `weight`, `sequence`) VALUES ('NX', 'L-', 'MOD NX backplate', '0.3500', '0.04800', '5');
INSERT INTO `mysqldb`.`item_info` (`sku_prefix`, `sku_postfix`, `category`, `volume`, `weight`, `sequence`) VALUES ('PPA', '', 'PlayProof', '0.9330', '0.09100', '3');
INSERT INTO `mysqldb`.`item_info` (`sku_prefix`, `sku_postfix`, `category`, `volume`, `weight`, `sequence`) VALUES ('PPA', '-', 'PlayProof', '0.9330', '0.09100', '3');
INSERT INTO `mysqldb`.`item_info` (`sku_prefix`, `sku_postfix`, `category`, `volume`, `weight`, `sequence`) VALUES ('PXN', 'L-', 'MOD NX backplate', '0.3500', '0.04800', '5');
INSERT INTO `mysqldb`.`item_info` (`sku_prefix`, `sku_postfix`, `category`, `volume`, `weight`, `sequence`) VALUES ('PXN', 'T', 'MOD NX', '0.9000', '0.11400', '3');
INSERT INTO `mysqldb`.`item_info` (`sku_prefix`, `sku_postfix`, `category`, `volume`, `weight`, `sequence`) VALUES ('PXS', '-', 'SolidSuit', '0.9000', '0.10200', '3');
INSERT INTO `mysqldb`.`item_info` (`sku_prefix`, `sku_postfix`, `category`, `volume`, `weight`, `sequence`) VALUES ('SBN', 'L-', 'MOD NX backplate', '0.3500', '0.04800', '5');
INSERT INTO `mysqldb`.`item_info` (`sku_prefix`, `sku_postfix`, `category`, `volume`, `weight`, `sequence`) VALUES ('SBN', 'T', 'MOD NX', '0.9000', '0.11400', '3');
INSERT INTO `mysqldb`.`item_info` (`sku_prefix`, `sku_postfix`, `category`, `volume`, `weight`, `sequence`) VALUES ('SBS', '-', 'SolidSuit', '0.9000', '0.10200', '3');
INSERT INTO `mysqldb`.`item_info` (`sku_prefix`, `sku_postfix`, `category`, `volume`, `weight`, `sequence`) VALUES ('SM0', '-', 'MOD NX', '0.9000', '0.11400', '3');
INSERT INTO `mysqldb`.`item_info` (`sku_prefix`, `sku_postfix`, `category`, `volume`, `weight`, `sequence`) VALUES ('SMN', 'L-', 'MOD NX backplate', '0.3500', '0.04800', '5');
INSERT INTO `mysqldb`.`item_info` (`sku_prefix`, `sku_postfix`, `category`, `volume`, `weight`, `sequence`) VALUES ('SMN', 'T', 'MOD NX', '0.9000', '0.11400', '3');
INSERT INTO `mysqldb`.`item_info` (`sku_prefix`, `sku_postfix`, `category`, `volume`, `weight`, `sequence`) VALUES ('SMS', '-', 'SolidSuit', '0.9000', '0.10200', '3');
INSERT INTO `mysqldb`.`item_info` (`sku_prefix`, `sku_postfix`, `category`, `volume`, `weight`, `sequence`) VALUES ('SP', '', '保護貼', '0.3000', '0.05500', '7');
INSERT INTO `mysqldb`.`item_info` (`sku_prefix`, `sku_postfix`, `category`, `volume`, `weight`, `sequence`) VALUES ('SPA', '', '保護貼', '0.9400', '0.06500', '7');
INSERT INTO `mysqldb`.`item_info` (`sku_prefix`, `sku_postfix`, `category`, `volume`, `weight`, `sequence`) VALUES ('SPE01', '', '保護貼', '0.3000', '0.05500', '7');
INSERT INTO `mysqldb`.`item_info` (`sku_prefix`, `sku_postfix`, `category`, `volume`, `weight`, `sequence`) VALUES ('SSA', '', 'SolidSuit', '0.9000', '0.10200', '3');
INSERT INTO `mysqldb`.`item_info` (`sku_prefix`, `sku_postfix`, `category`, `volume`, `weight`, `sequence`) VALUES ('SSA', '-', 'SolidSuit', '0.9000', '0.10200', '3');
INSERT INTO `mysqldb`.`item_info` (`sku_prefix`, `sku_postfix`, `category`, `volume`, `weight`, `sequence`) VALUES ('SWN', 'L-', 'MOD NX backplate', '0.3500', '0.04800', '5');
INSERT INTO `mysqldb`.`item_info` (`sku_prefix`, `sku_postfix`, `category`, `volume`, `weight`, `sequence`) VALUES ('SWN', 'T', 'MOD NX', '0.9000', '0.11400', '3');
INSERT INTO `mysqldb`.`item_info` (`sku_prefix`, `sku_postfix`, `category`, `volume`, `weight`, `sequence`) VALUES ('SWS', '-', 'SolidSuit', '0.9000', '0.10200', '3');
INSERT INTO `mysqldb`.`item_info` (`sku_prefix`, `sku_postfix`, `category`, `volume`, `weight`, `sequence`) VALUES ('TCF', '', 'Clear背貼保護膜', '0.2000', '0.02000', '7');
INSERT INTO `mysqldb`.`item_info` (`sku_prefix`, `sku_postfix`, `category`, `volume`, `weight`, `sequence`) VALUES ('TSN', 'L-', 'MOD NX backplate', '0.3500', '0.04800', '5');
INSERT INTO `mysqldb`.`item_info` (`sku_prefix`, `sku_postfix`, `category`, `volume`, `weight`, `sequence`) VALUES ('TSN', 'T', 'MOD NX', '0.9000', '0.11400', '3');
INSERT INTO `mysqldb`.`item_info` (`sku_prefix`, `sku_postfix`, `category`, `volume`, `weight`, `sequence`) VALUES ('TSS', '-', 'SolidSuit', '0.9000', '0.10200', '3');
-- 客製欄位資料
INSERT INTO `mysqldb`.`packing_config` (`id`, `sku`, `fnsku`, `title`, `num`) VALUES ('FB', 'MERCHANT SKU', 'FNSKU', 'TITLE', 'SHIPPED');
